{"windowPreferences":{"height":838.4000244140625,"width":1550.4000244140625,"isMaximized":true,"x":-7.199999809265137,"y":-7.199999809265137}}